contract_code,field
MX0053,address
MX0053,email
MX0053,phone
MX0053,representative
MX0054,address
MX0054,email
MX0054,representative
MX0055,address
MX0055,phone
MX0055,shipping_address
MX0056,address
MX0056,email
MX0056,representative
MX0057,address
MX0057,email
MX0057,phone
MX0057,representative
MX0058,address
MX0058,email
MX0058,phone
MX0058,representative
MX0058,shipping_address
MX0059,address
MX0059,email
MX0059,representative
MX0060,address
MX0060,phone
MX0060,shipping_address
MX0061,address
MX0061,representative
MX0062,address
MX0062,shipping_address
MX0063,address
MX0063,email
MX0063,representative
MX0064,address
MX0064,phone
MX0064,shipping_address
MX0065,address
MX0065,email
MX0065,phone
MX0065,representative
MX0065,shipping_address
MX0066,address
MX0066,email
MX0066,phone
MX0066,representative
MX0066,shipping_address
MX0067,address
MX0067,email
MX0067,phone
MX0067,representative
MX0068,address
MX0068,email
MX0068,phone
MX0068,representative
MX0069,address
MX0069,phone
MX0069,shipping_address
MX0070,address
MX0070,email
MX0070,phone
MX0070,representative
MX0071,address
MX0071,email
MX0071,representative
MX0071,shipping_address
MX0072,address
MX0072,email
MX0072,phone
MX0072,representative
MX0073,address
MX0074,address
MX0074,email
MX0074,phone
MX0074,representative
MX0075,address
MX0075,email
MX0075,phone
MX0075,representative
MX0075,shipping_address
MX0076,address
MX0076,email
MX0076,phone
MX0076,representative
MX0077,address
MX0077,shipping_address
MX0078,address
MX0078,representative
MX0079,address
MX0079,representative
MX0079,shipping_address
MX0080,address
MX0081,address
MX0081,representative
MX0081,shipping_address
MX0082,address
MX0082,email
MX0082,phone
MX0082,representative
MX0082,shipping_address
MX0083,address
MX0084,address
MX0084,email
MX0084,phone
MX0084,representative
MX0084,shipping_address
MX0085,address
MX0086,address
MX0086,email
MX0086,phone
MX0086,representative
MX0087,address
MX0087,email
MX0087,phone
MX0087,representative
MX0088,address
MX0088,email
MX0088,representative
MX0089,address
MX0089,email
MX0089,phone
MX0089,representative
MX0089,shipping_address
MX0090,address
MX0090,email
MX0090,phone
MX0090,representative
MX0091,address
MX0091,email
MX0091,phone
MX0091,representative
MX0091,shipping_address
MX0092,address
MX0092,email
MX0092,phone
MX0092,representative
MX0093,address
MX0093,email
MX0093,phone
MX0093,representative
MX0094,address
MX0094,email
MX0094,representative
MX0094,shipping_address
MX0095,address
MX0095,email
MX0095,phone
MX0095,representative
MX0096,address
MX0097,address
MX0097,email
MX0097,phone
MX0097,representative
MX0097,shipping_address
MX0098,address
MX0098,email
MX0098,representative
MX0098,shipping_address
